ID,Name,Age,Nationality,Overall,Potential,Club,Value,Wage,Preferred Foot,International Reputation,Skill Moves,Position,Joined,Contract Valid Until,Height,Weight,Release Clause
"['158023' 'L. Messi' '31' 'Argentina' '94' '94' 'FC Barcelona' '110500.0'
 '565.0' 'Left' '5.0' '4.0' 'RF' '2004' '2021-01-01' '5.583333333333333'
 '159.0' '226500.0']","['20801' 'Cristiano Ronaldo' '33' 'Portugal' '94' '94' 'Juventus'
 '77000.0' '405.0' 'Right' '5.0' '5.0' 'ST' '2018' '2022-01-01'
 '6.166666666666667' '183.0' '127100.0']","['190871' 'Neymar Jr' '26' 'Brazil' '92' '93' 'Paris Saint-Germain'
 '118500.0' '290.0' 'Right' '5.0' '5.0' 'LW' '2017' '2022-01-01' '5.75'
 '150.0' '228100.0']","['193080' 'De Gea' '27' 'Spain' '91' '93' 'Manchester United' '72000.0'
 '260.0' 'Right' '4.0' '1.0' 'GK' '2011' '2020-01-01' '6.333333333333333'
 '168.0' '138600.0']"
